osm_way_id,building_type,building_classification ,shape_Area,perimeter,CENTROID_X,CENTROID_Y,PNT_COUNT,Building_H,fractal_dimensions ,height_area,volume
146311312,Commercial,Commercial,1356.582037,154.0798166,497899.8703,7667353.937,9,11.02695608,8.804411031,0.008128485,3657945.736
146311316,Multi-Unit Residential,Residential,463.0753946,87.92073276,497883.9326,7667664.46,5,4.894708633,5.266964687,0.010570004,679632.1217
146311319,Commercial,Commercial,1220.566355,149.2393645,497776.4472,7667456.091,8,9.62108326,8.178581829,0.007882475,3323917.021
146311320,Single-Unit Residential,Residential,114.9674997,44.68593221,498288.9431,7667454.058,5,4.161497116,2.572789556,0.036197161,89230.32342
146311322,Commercial,Commercial,668.376512,151.1972789,497518.6855,7667382.902,7,5.13117981,4.420559132,0.00767708,3456463.107
146311323,Commercial,Commercial,1294.343117,149.9730319,497505.351,7667458.392,9,9.642396927,8.63050577,0.007449645,3373179.981
146311324,Commercial,Commercial,293.3360191,68.9845343,497794.3807,7667243.886,5,4.505636215,4.252199744,0.015359983,328288.1529
146311325,Commercial,Commercial,1053.388394,194.4224905,497567.0789,7667537.402,13,11.76038122,5.418037756,0.011164335,7349190.522
146311326,Commercial,Commercial,855.5267151,143.072287,497362.0614,7667414.817,11,19.64313078,5.979681553,0.022960277,2928643.83
146311329,Multi-Unit Residential,Residential,482.0130738,105.350009,497388.1935,7667375.207,5,3.143850327,4.575349145,0.006522334,1169240.181
146311337,Commercial,Commercial,3353.885319,241.1778498,497866.457,7667393.062,12,13.6639843,13.90627424,0.004074076,14028532.96
146311340,Commercial,Commercial,335.3290818,76.40778932,497516.9677,7667349.61,5,7.756011963,4.388676663,0.023129554,446080.1557
146311343,Commercial,Commercial,253.7469489,77.48286541,497857.8632,7667591.45,5,2.85624218,3.274878227,0.011256262,465175.6993
146311344,Commercial,Commercial,2613.338827,220.0895495,497715.0199,7667597.316,17,16.29537392,11.87397963,0.006235462,10661007.88
146311346,Commercial,Commercial,248.4451092,65.30417533,497887.0321,7667621.682,5,2.515032768,3.804429164,0.010123092,278498.4923
146311348,Commercial,Commercial,517.0300438,101.4149662,497861.4378,7667544.321,9,4.962075233,5.09816315,0.009597267,1043052.459
146311780,Commercial,Commercial,1671.172055,175.8416435,497890.8296,7667483.799,7,26.87258387,9.503846877,0.016080082,5437073.488
363833423,Commercial,Commercial,165.3524377,67.56408232,499199.8438,7667143.893,5,4.306200981,2.447342316,0.026042561,308423.632
399994290,Commercial,Commercial,407.3368112,82.96075678,497367.1693,7667321.638,5,1.009565353,4.909993918,0.002478454,570976.3437
399994291,Multi-Unit Residential,Residential,194.4503316,62.02333235,497361.3312,7667803.135,5,3.830924988,3.135115838,0.019701303,238597.17
399994292,Multi-Unit Residential,Residential,208.7886773,63.09840577,497098.2877,7667324.943,9,1.919662476,3.308937441,0.009194284,251220.5487
399994293,Multi-Unit Residential,Residential,573.5820213,117.6888551,497347.4989,7667214.635,5,8.353933334,4.873715706,0.014564496,1630069.094
399994294,Multi-Unit Residential,Residential,189.4096586,62.03166451,497365.1791,7667761.332,5,5.000583649,3.053435049,0.02640089,238693.3417
399994295,Single-Unit Residential,Residential,150.4764623,49.58703427,497366.4508,7667293.402,5,1.15348053,3.034592903,0.007665521,121928.2677
399994296,Single-Unit Residential,Residential,148.8040315,50.03461065,497072.8299,7667297.786,5,5.131526947,2.974021973,0.034485134,125259.7596
399994297,Single-Unit Residential,Residential,152.1224898,49.36450238,497349.3722,7667175.84,5,1.80638504,3.081617001,0.011874543,120294.0898
399994298,Multi-Unit Residential,Residential,389.8111279,107.1683151,497398.8586,7667818.577,5,8.229459763,3.637372927,0.021111403,1230833.216
399994299,Multi-Unit Residential,Residential,365.0299435,103.4388599,497403.4619,7667761.919,5,7.969781876,3.528943994,0.021833228,1106754.193
399994300,Single-Unit Residential,Residential,173.2215231,57.59618278,497369.2186,7667247.309,5,2.702892303,3.007517421,0.015603675,191064.9847
399994301,Single-Unit Residential,Residential,144.1104697,48.3074542,497368.2724,7667138.745,5,4.285299301,2.983193217,0.029736211,112730.7645
399994302,Single-Unit Residential,Residential,149.3811628,48.95862847,497371.9822,7667271.826,5,2.328062057,3.051171315,0.01558471,117351.2524
399994303,Single-Unit Residential,Residential,108.5026697,41.81922807,497126.0084,7667261.243,5,2.788072586,2.594564145,0.025695889,73135.46652
399994304,Multi-Unit Residential,Residential,313.2184574,74.76515399,497346.1729,7667136.567,5,5.645048141,4.189364171,0.018022719,417924.37
399994305,Garage,Residential,94.30668244,39.17101189,497377.7025,7667474.585,5,5.631910324,2.40756309,0.059719101,60102.75393
399994306,Multi-Unit Residential,Residential,272.2935074,66.09615941,497355.3622,7667478.023,5,9.762533188,4.119657025,0.035852978,288754.4429
399994307,Multi-Unit Residential,Residential,247.2711915,74.32046423,497357.9373,7667841.855,5,4.653599739,3.327094281,0.018819822,410511.4182
399994308,Single-Unit Residential,Residential,130.7467084,46.96747268,497165.4492,7667284.285,5,4.312038422,2.783771426,0.032980092,103607.5906
399994309,Single-Unit Residential,Residential,169.7252173,54.25226277,497112.465,7667344.976,5,1.860002518,3.128444947,0.010958905,159681.1198
399994310,Single-Unit Residential,Residential,170.2901097,52.20055908,497221.6983,7667145.221,5,5.798408508,3.262227698,0.034050178,142241.2182
399994311,Garage,Residential,52.91758434,29.16472554,497403.8172,7667465.332,5,3.590000153,1.814437933,0.067841346,24806.96771
399994312,Commercial,Commercial,59.79065168,32.22002583,496913.4747,7667342.248,5,2.338581085,1.85569844,0.039112821,33448.5775
399994313,Multi-Unit Residential,Residential,642.2153328,154.5073226,497397.3741,7667703.486,9,9.612455368,4.156536546,0.014967652,3688478.023
399996167,Industrial,Industrial,114.3719668,38.16396709,496115.9284,7665855.663,17,3.678890228,2.99685739,0.032166013,55585.37477
399996168,Industrial,Industrial,109.5667571,37.3474609,496149.6118,7665871.318,17,2.57361412,2.933713684,0.023489005,52093.46479
399996170,Commercial,Commercial,107.8391398,42.95676931,495348.5812,7666305.078,5,4.167383194,2.510410851,0.03864444,79267.44039
399996171,Garage,Commercial,65.85494941,32.4954362,495278.729,7666345.628,5,5.952820778,2.026590719,0.090392914,34313.66548
399996172,Commercial,Commercial,281.9698571,67.61877535,495149.2439,7666314.486,5,4.684481621,4.169993551,0.016613413,309173.244
399996173,Commercial,Commercial,371.585356,79.0844033,495124.2846,7666338.469,5,7.867660522,4.698592143,0.021173225,494620.9719
399996174,Commercial,Commercial,508.0441401,100.3042592,494993.2637,7665823.953,5,24.8787365,5.065030579,0.048969636,1009155.577
399996175,Commercial,Commercial,1276.407965,142.9432189,495034.9279,7665791.305,5,29.99755168,8.929475456,0.023501539,2920725.031
399996176,Commercial,Commercial,600.3651144,101.1281235,495296.8647,7666341.16,5,8.066476345,5.936678083,0.013435951,1034226.94
400015061,Industrial,Industrial,253.0672447,64.73149944,497787.1072,7667313.069,5,3.593840599,3.909491467,0.014201129,271235.7941
400034558,Multi-Unit Residential,Residential,1061.44031,160.7957766,497336.129,7667283.516,5,4.947711945,6.601170333,0.004661319,4157420.114
400034559,Single-Unit Residential,Residential,127.1283099,45.36030571,497198.7665,7667162.829,5,4.205957413,2.802633446,0.033084349,93331.42967
400034560,Single-Unit Residential,Residential,228.6949592,60.75936015,497181.5042,7667176.668,5,5.368522644,3.763946141,0.0234746,224305.3205
400034561,Single-Unit Residential,Residential,210.4456199,58.63552621,497164.2812,7667193.925,5,5.723810196,3.589046325,0.027198524,201596.2647
400034562,Single-Unit Residential,Residential,107.0631871,42.1907473,497133.4806,7667303.948,5,0.343294144,2.537598739,0.003206463,75102.02611
400034563,Garage,Residential,50.78910737,28.65467847,497233.918,7667169.445,5,2.210891724,1.772454275,0.043530825,23528.08709
400034564,Single-Unit Residential,Residential,126.0726263,44.93463329,497370.1764,7667347.629,5,-0.982162476,2.805689444,-0.00779045,90728.47376
400034565,Single-Unit Residential,Residential,222.3006517,65.73128212,497047.6498,7667257.582,7,3.729627609,3.381961291,0.016777403,283998.6728
400034566,Single-Unit Residential,Residential,151.8341308,50.72540925,497103.0312,7667274.755,5,1.721385956,2.993255906,0.011337279,130519.8839
400034567,Multi-Unit Residential,Residential,542.8301536,133.4216898,497266.0408,7667181.744,8,7.595743179,4.068530044,0.013992854,2375085.841
400038508,Industrial,Industrial,85.58501721,32.94558742,495344.137,7667268.216,20,8.106128454,2.597768742,0.09471434,35759.52706
400038509,Industrial,Industrial,200.7875391,50.56450707,495274.4919,7667334.044,17,21.02680045,3.970918551,0.10472164,129281.7832
400038510,Industrial,Industrial,96.36592533,35.03184773,495319.4159,7667274.307,17,7.087532878,2.750809095,0.073548122,42992.14693
400038512,Industrial,Industrial,3133.052097,788.8743293,495232.5865,7667370.942,21,16.46834898,3.971547788,0.005256328,490934408.3
400038513,Industrial,Industrial,329.1773318,81.36062164,495212.2723,7667135.353,5,13.2502985,4.045904827,0.040252767,538570.7642
400038514,Industrial,Industrial,359.3546519,83.24849304,495188.2507,7667139.405,5,14.64820528,4.316650534,0.040762531,576937.9965
400038515,Industrial,Industrial,213.5854825,62.33917147,495265.2293,7667276.185,5,9.885602474,3.42618417,0.046284056,242260.7613
400038516,Industrial,Industrial,390.1834151,85.01036199,495155.4015,7667347.137,5,9.705249786,4.589833591,0.024873558,614349.6236
400038517,Industrial,Industrial,256.2231676,66.23330478,495191.1313,7667279.65,5,9.727943063,3.868494384,0.03796668,290555.6169
400038518,Industrial,Industrial,389.2307644,85.96498022,495236.738,7667130.642,5,11.75165105,4.527782864,0.030191989,635279.2976
400038519,Industrial,Industrial,404.1698766,90.3424608,495107.276,7667337.944,5,12.10364962,4.473753239,0.029946936,737353.503
510557888,Single-Unit Residential,Residential,147.5148142,54.22553446,497412.4525,7667314.76,7,2.062271118,2.720393919,0.013980095,159445.2272
510557889,Garage,Residential,74.60730533,34.57339612,497416.7407,7667331.814,5,1.992174149,2.157939737,0.026702132,41326.26216
510557890,Multi-Unit Residential,Residential,338.1838509,101.541588,497442.2895,7667366.355,9,1.786277771,3.330495981,0.005281972,1046964.253
510557891,Single-Unit Residential,Residential,228.1203592,66.21256224,497445.0079,7667315.64,5,2.627983093,3.445273095,0.01152016,290282.7191
510557892,Single-Unit Residential,Residential,149.7646971,50.54108648,497409.2608,7667288.73,5,2.805475235,2.963226704,0.018732554,129102.2232
510557893,Single-Unit Residential,Residential,157.5486473,51.88448374,497445.2887,7667293.327,5,2.58140564,3.036527223,0.016384816,139673.0122
510557894,Single-Unit Residential,Residential,191.6430724,62.37126051,497415.2222,7667261.1,9,3.781682968,3.072618236,0.019732949,242635.0645
510557895,Single-Unit Residential,Residential,92.62331498,38.71239285,497448.5633,7667266.306,5,0.556890488,2.392601133,0.006012422,58016.30277
510557896,Multi-Unit Residential,Residential,179.6525763,57.18489691,497443.149,7667237.381,5,4.761936188,3.141608816,0.026506362,187001.0424
510557897,Garage,Residential,32.02952193,23.38175284,497450.4761,7667254.772,5,0.346048355,1.369851189,0.010804044,12782.95313
510557898,Single-Unit Residential,Residential,108.3021581,42.26516699,497334.0142,7667367.446,5,0.498348236,2.562444817,0.004601462,75500.14188
510557899,Single-Unit Residential,Residential,100.6683479,41.17276069,497333.084,7667345.33,5,1.288661957,2.445023025,0.012801064,69795.90839
510562349,Commercial,Commercial,622.8601502,121.5811696,497932.428,7667633.663,9,7.67346859,5.122998506,0.01231973,1797210.515
510562351,Commercial,Commercial,136.763495,48.99450807,497877.7458,7667587.113,5,0.274734497,2.791404596,0.002008829,117609.446
510563871,Commercial,Commercial,220.1582277,60.5707042,497484.0273,7667355.25,5,10.99939919,3.634731189,0.049961336,222222.4178
510568140,Commercial,Commercial,211.7023564,67.93765934,498161.8787,7667367.082,9,1.912893295,3.116126732,0.009035768,313568.0029
510568142,Commercial,Commercial,655.0064475,131.3800797,497648.3134,7668016.817,15,6.887040138,4.985584183,0.010514462,2267715.473
510568143,Commercial,Commercial,3538.620582,232.7401977,497795.5752,7667565.185,17,10.91425419,15.20416592,0.003084325,12607070.94
510568144,Industrial,Industrial,119.3899961,43.52179714,497755.7757,7667545.691,10,3.984060287,2.743223028,0.033370135,82436.67393
510571183,Commercial,Commercial,446.7224842,92.18853251,497743.9892,7667453.9,9,5.489592552,4.845748946,0.012288597,783485.0344
510571184,Commercial,Commercial,122.4927228,46.45934418,497832.8845,7667510.903,5,1.573841095,2.636557295,0.012848446,100281.1314
510571185,Commercial,Commercial,128.7496031,45.8908705,497848.0292,7667501.228,5,1.735948563,2.805560271,0.013483137,96644.88814
510571186,Commercial,Commercial,393.0991384,79.48473192,497806.3363,7667448.156,5,7.558522224,4.945593058,0.019228031,502170.4364
510571187,Commercial,Commercial,141.4367854,48.20001039,497800.1972,7667422.083,5,0.806758881,2.934372508,0.005704024,111980.2404
510571191,Commercial,Commercial,656.3294899,119.0623227,497748.6157,7667178.041,5,9.318382263,5.512486863,0.01419772,1687808.043
510571192,Industrial,Industrial,510.8383224,90.55922262,497768.6767,7667266.302,5,7.530101776,5.640930958,0.014740675,742673.7216
510571193,Garage,Industrial,479.0708064,108.9083998,497760.663,7667231.122,5,5.697694778,4.398841661,0.011893221,1291766.838
510571194,Commercial,Commercial,773.6777218,115.9542562,497620.5139,7667212.239,5,4.251209259,6.672266692,0.005494806,1559050.144
510573528,Commercial,Commercial,130.1397313,48.96824818,499156.3045,7667418.606,7,5.291503906,2.657635022,0.040660172,117420.4398
510826507,Garage,Commercial,282.066897,67.19386565,497864.4858,7667350.717,5,5.69353199,4.19780726,0.020185041,303381.3504
510826508,Commercial,Commercial,321.2420876,75.03162087,497816.5038,7667360.077,5,2.718309402,4.281422737,0.008461872,422408.8272
510826511,Commercial,Commercial,375.5223921,94.91485434,497775.5211,7667375.533,9,6.769062042,3.9564133,0.018025721,855071.7467
510826512,Commercial,Commercial,488.7136977,88.64497626,497921.8151,7667393.64,5,4.668621063,5.513157297,0.009552875,696566.1793
510826513,Commercial,Commercial,264.6983057,71.65102392,497954.5208,7667377.06,7,4.024127007,3.694271082,0.015202693,367846.987
510826514,Single-Unit Residential,Residential,128.4423426,45.7545527,498012.9254,7667230.029,5,5.081430435,2.807203546,0.039561957,95786.19946
510847789,Multi-Unit Residential,Residential,224.3605726,59.91961248,497752.0613,7667398.264,5,1.408607483,3.744359539,0.00627832,215132.9774
510847790,Multi-Unit Residential,Residential,205.8334845,57.43638089,497731.2658,7667410.437,5,0.986000061,3.583677824,0.00479028,189479.0509
510847791,Multi-Unit Residential,Residential,306.904377,82.33836213,497690.8054,7667434.185,5,1.204072952,3.727355866,0.003923284,558221.6439
510847792,Single-Unit Residential,Residential,129.9469946,46.97588825,497659.4469,7667451.671,5,3.827590942,2.766248801,0.029455017,103663.2934
510847793,Commercial,Commercial,436.4447939,85.29242241,497651.696,7667410.32,8,6.969782829,5.117040665,0.015969449,620485.0859
510847794,Commercial,Commercial,434.43367,89.21267752,497682.4514,7667402.432,9,4.61815834,4.869640527,0.010630296,710034.9425
510847795,Unknown,Unknown,149.7921084,49.13422591,497707.7351,7667389.965,5,1.533792496,3.048630676,0.010239475,118618.4801
510847796,Commercial,Commercial,138.8032153,47.34042994,497728.1131,7667380.515,5,2.307107925,2.932022701,0.01662143,106095.4095
510847797,Multi-Unit Residential,Residential,274.9349419,82.88934739,497672.6856,7667510.052,9,4.627596855,3.31689114,0.016831607,569503.1899
510847798,Commercial,Commercial,261.9585569,81.62806852,497689.8786,7667476.786,9,4.816292763,3.209172551,0.018385705,543899.3767
510847799,Commercial,Commercial,263.1816771,76.05721121,497747.0359,7667492.36,9,0.621507645,3.460311953,0.002361516,439968.1024
510847800,Commercial,Commercial,258.7814542,88.59419922,497709.7296,7667514.111,15,0.643199921,2.920975149,0.002485495,695369.8573
510847801,Garage,Commercial,147.9770887,54.1117858,497683.6852,7667533.945,5,5.121315002,2.734655427,0.034608837,158443.928
510847802,Single-Unit Residential,Residential,176.2544405,55.70636825,497639.1069,7667540.733,5,5.028272629,3.163990869,0.028528488,172867.972
510847803,Single-Unit Residential,Commercial,195.0800862,60.99313093,497634.2101,7667520.238,5,4.01168251,3.198394364,0.020564285,226904.3292
510847804,Multi-Unit Residential,Residential,297.9848819,80.40534158,497627.6958,7667484.446,5,6.611139297,3.706033406,0.022186157,519822.0573
510847805,Commercial,Commercial,742.4949314,155.9873995,497598.9602,7667437.286,15,5.983963966,4.759967369,0.008059266,3795496.134
510847806,Garage,Commercial,44.51425542,26.93179532,497589.4499,7667472.105,5,0.543807983,1.652851393,0.012216491,19534.21285
510847807,Commercial,Commercial,367.3170363,84.39739534,497556.912,7667473.161,5,4.686300278,4.352231901,0.012758189,601155.924
510847808,Garage,Commercial,115.7389966,43.34405798,497535.3863,7667496.398,5,3.237192154,2.670239058,0.027969762,81430.80083
510847810,Multi-Unit Residential,Residential,432.8659129,108.0981553,497468.3176,7667517.307,5,1.609563828,4.004378353,0.003718389,1263149.771
510847811,Multi-Unit Residential,Residential,477.7901121,110.4472856,497436.7188,7667538.358,5,4.59972477,4.325956128,0.009627082,1347302.579
510847812,Multi-Unit Residential,Residential,370.9928308,92.00518255,497427.1074,7667490.497,5,3.036710739,4.032303622,0.008185362,778819.6026
510847813,Single-Unit Residential,Residential,130.9166373,46.57433464,497417.5465,7667457.313,5,5.829702377,2.810918037,0.044529882,101027.5865
510847814,Multi-Unit Residential,Residential,249.9859194,66.90787779,497461.7713,7667476.235,5,1.986473083,3.736270342,0.00794634,299524.0952
510847815,Single-Unit Residential,Residential,159.125387,54.56878768,497458.2289,7667448.708,5,3.471607208,2.91605135,0.021816803,162492.3488
510847816,Commercial,Commercial,381.6413643,86.27310641,497616.4681,7667359.505,11,7.613451958,4.423642316,0.019949232,642134.9489
510847817,Garage,Commercial,90.10975259,38.66337356,497614.2282,7667341.609,5,6.954006195,2.330623127,0.077172626,57796.19353
510847818,Garage,Commercial,214.6550219,67.02020281,497553.1946,7667294.908,7,4.315376282,3.20284053,0.020103775,301035.1533
510847819,Commercial,Commercial,374.2457877,92.53054264,497580.9213,7667293.087,11,4.487260818,4.04456493,0.011990144,792237.3753
510847820,Garage,Commercial,120.0856349,45.04822625,497543.2999,7667229.878,5,2.05768013,2.665712834,0.017135106,91418.28856
510847821,Commercial,Commercial,483.850613,146.2715883,497569.2384,7667238.391,9,2.469827652,3.307891973,0.005104525,3129535.858
510847822,Commercial,Commercial,212.3481602,59.74672104,497669.2436,7667342.625,5,3.912315369,3.554139148,0.018424061,213276.118
510847824,Garage,Commercial,254.0582063,65.27783493,497660.9692,7667323.803,5,3.728900909,3.891952094,0.014677349,278161.6316
510847825,Garage,Commercial,72.82018639,34.67317688,497738.7079,7667341.617,5,0.424940109,2.100187896,0.005835471,41685.10551
510847826,Garage,Commercial,55.02229464,30.3302742,497753.6126,7667329.74,5,0.131105423,1.814104755,0.002382769,27901.59365
510847827,Industrial,Industrial,119.8008888,38.97871505,497694.0103,7667248.001,20,10.33924294,3.073495077,0.086303558,59221.92977
510847828,Industrial,Industrial,136.4504426,41.59920092,497679.0614,7667256.334,20,11.17497635,3.280121723,0.081897692,71987.14752
510847829,Industrial,Industrial,46.71462744,24.34087953,497699.6778,7667266.204,20,2.181752205,1.919184037,0.046703834,14421.44576
510847830,Industrial,Industrial,56.15691963,26.68775226,497691.8602,7667273.135,20,1.575884819,2.104220659,0.028062166,19007.98113
510847832,Industrial,Industrial,160.485367,45.11480814,497702.268,7667324.143,20,6.440712929,3.557265863,0.040132711,91824.24042
510847833,Industrial,Industrial,77.45385691,31.34246341,497694.0238,7667308.616,20,2.949683189,2.471211529,0.038083103,30789.26933
510847834,Industrial,Industrial,69.63584455,29.71926722,497705.5466,7667301.024,20,3.615690231,2.343121182,0.051922832,26249.09235
510847840,Single-Unit Residential,Residential,124.1248027,44.63244738,497323.6159,7667170.579,5,1.694862366,2.781044061,0.013654502,88910.30601
510847841,Single-Unit Residential,Residential,168.380173,53.12559798,497297.6424,7667139.744,5,3.423521042,3.169473462,0.020332091,149937.9243
510847843,Single-Unit Residential,Residential,91.75459885,38.31585949,497322.4874,7667124.027,5,5.558198929,2.394689825,0.060576789,56251.70827
510847844,Single-Unit Residential,Residential,99.24106771,39.91853754,497370.6664,7667182.556,5,1.554737091,2.486089767,0.015666267,63609.77599
510847845,Garage,Residential,34.94745728,23.74438096,497370.7937,7667166.475,5,0.553937912,1.471820105,0.015850593,13386.97816
510847846,Single-Unit Residential,Residential,93.04530908,38.86289297,497394.6028,7667182.691,5,3.046873093,2.3941941,0.032746123,58695.57747
510847847,Single-Unit Residential,Residential,121.4875657,44.36606083,497393.1465,7667167.7,5,1.611282349,2.73829958,0.01326294,87327.81841
510847848,Single-Unit Residential,Residential,159.2461739,54.32638926,497417.0131,7667181.769,7,2.516975403,2.931285809,0.015805563,160336.5458
510847849,Single-Unit Residential,Residential,166.2764811,51.5832949,497450.378,7667182.021,5,2.372896194,3.223455994,0.014270787,137254.7042
510847850,Multi-Unit Residential,Residential,184.70022,57.03941557,497396.2333,7667140.159,9,3.630691528,3.238115576,0.019657213,185577.4493
510847851,Single-Unit Residential,Residential,97.62608271,39.52268223,497446.0713,7667148.818,5,3.66235733,2.470127967,0.037514128,61736.10581
510847853,Single-Unit Residential,Residential,152.6010157,49.41272446,497249.5872,7667136.822,5,3.865570068,3.088293904,0.025331221,120646.9648
510847855,Single-Unit Residential,Residential,216.9428414,67.95252779,497224.5502,7667201.356,9,4.63649559,3.192564699,0.021371969,313773.9251
510847856,Multi-Unit Residential,Residential,183.4067756,55.30403046,497183.886,7667229.072,6,2.459819794,3.316336515,0.013411826,169149.3562
510847857,Multi-Unit Residential,Residential,152.7899781,49.7956765,497197.3473,7667221.55,6,0.259857178,3.068338233,0.001700748,123473.8274
510852662,Single-Unit Residential,Residential,220.4793208,64.28091933,497068.7543,7667239.646,9,3.176013947,3.429934156,0.014405042,265611.1107
510852663,Single-Unit Residential,Residential,203.6428197,59.12771648,497099.8006,7667229.895,7,1.221170425,3.44411778,0.005996629,206715.6325
510852664,Multi-Unit Residential,Residential,267.3289701,73.2295121,497136.3326,7667228.305,5,6.872688293,3.65056331,0.02570873,392697.758
510852667,Single-Unit Residential,Residential,115.7344377,47.92798052,497153.7189,7667330.267,9,1.062688828,2.414757234,0.009182132,110094.9479
510852668,Multi-Unit Residential,Residential,664.1197391,135.0238662,497194.1286,7667358.681,5,5.331350327,4.918535944,0.008027694,2461680.113
510852669,Single-Unit Residential,Residential,94.0829684,38.861704,497243.6724,7667234.625,5,1.388408661,2.420968684,0.01475728,58690.19043
510852670,Single-Unit Residential,Residential,122.0889986,51.61053959,497207.0214,7667267.702,7,2.004718781,2.36558268,0.016420143,137472.3
510852671,Single-Unit Residential,Residential,145.1720243,48.43601203,497234.76,7667289.759,5,2.030456543,2.997191928,0.013986555,113633.1733
510852673,Garage,Residential,31.19174413,22.66716083,497242.5871,7667254.08,5,2.077373505,1.376076358,0.066600107,11646.39132
510852676,Single-Unit Residential,Residential,140.9132086,51.51494298,497267.7042,7667218.757,9,2.308794022,2.735385122,0.016384511,136709.807
510852677,Single-Unit Residential,Residential,211.4441861,63.04893752,497294.3058,7667210.931,7,1.109134674,3.353651853,0.00524552,250630.1518
510852678,Garage,Residential,34.27020199,23.81126346,497300.8312,7667222.124,5,2.115510941,1.439243324,0.061730332,13500.42129
510852679,Single-Unit Residential,Residential,148.0945793,51.39510997,497270.5842,7667306.838,9,2.326478958,2.881491632,0.015709413,135757.9899
510852680,Single-Unit Residential,Residential,178.4615939,59.14574351,497294.2707,7667306.34,7,2.643268585,3.017319308,0.014811414,206904.7622
510852681,Single-Unit Residential,Residential,121.0812984,44.16237579,497299.098,7667341.574,5,2.302268982,2.741729724,0.019014241,86130.56317
510852682,Single-Unit Residential,Residential,117.551662,43.93512897,497267.3892,7667344.952,5,1.838531494,2.675573391,0.0156402,84807.78429
510852683,Single-Unit Residential,Residential,173.0423382,52.61861207,497237.6535,7667341.059,5,3.605941772,3.288614643,0.020838494,145686.1161
510852684,Single-Unit Residential,Residential,155.5097466,51.82230489,497212.3916,7667327.227,5,2.545730591,3.000826514,0.016370232,139171.4575
510852687,Single-Unit Residential,Residential,162.5760624,51.02017767,497131.2738,7667361.929,5,0.444263458,3.186505218,0.00273265,132808.5086
510852688,Single-Unit Residential,Residential,208.8681362,59.46388194,497150.9623,7667377.15,7,1.174369812,3.512521036,0.005622542,210261.5069
510852689,Single-Unit Residential,Residential,140.6131326,48.81955614,497170.5915,7667390.402,7,1.461679459,2.880262414,0.010395042,116354.0433
510852690,Single-Unit Residential,Residential,119.0359134,44.12885242,497197.8039,7667406.562,5,1.962568283,2.697462246,0.016487195,85934.56858
510852691,Single-Unit Residential,Residential,129.1750611,46.72922046,497220.1348,7667418.293,7,2.433774948,2.764331607,0.018840904,102038.8624
510852692,Commercial,Commercial,131.0262183,46.96264032,497243.4878,7667425.393,5,2.128555298,2.790009622,0.016245262,103575.6141
510852693,Commercial,Commercial,295.5889727,75.4679017,497303.9352,7667434.746,9,2.321809769,3.91675091,0.007854859,429820.2033
510852694,Commercial,Commercial,180.2238921,60.88932369,497277.068,7667437.376,9,1.005439758,2.959860304,0.005578837,225747.7606
510852695,Garage,Residential,104.7778114,42.25746547,497298.0528,7667359.594,5,1.558794022,2.479510076,0.014877139,75458.87667
510852696,Single-Unit Residential,Residential,123.6434943,44.69476483,497295.0813,7667389.984,5,1.696918488,2.766397692,0.013724284,89283.24563
510852697,Single-Unit Residential,Residential,113.6422746,46.99797865,497237.6345,7667380.836,5,0.358545303,2.418024729,0.003155035,103809.6051
510859331,Commercial,Commercial,406.951544,88.00309725,497389.5039,7667534.635,9,6.093280792,4.624286607,0.014972989,681543.9577
510859332,Industrial,Industrial,61.73363555,31.69962064,497634.8711,7667240.642,7,1.309207916,1.947456604,0.021207368,31853.86935
510859335,Industrial,Industrial,45.42499716,32.39655943,497668.4435,7667215.013,5,1.988178253,1.40215498,0.043768374,34001.38983
510859338,Industrial,Industrial,122.9900776,39.49454386,497674.2975,7667200.29,20,3.683897018,3.114103002,0.029952799,61604.33968
510859339,Industrial,Industrial,69.6759948,29.72786088,497656.8645,7667197.721,20,3.311788559,2.343794432,0.047531271,26271.86961
510859340,Industrial,Industrial,111.6037864,37.62351616,497671.9038,7667185.694,20,5.250324249,2.966330578,0.04704432,53257.17701
510859341,Industrial,Industrial,69.52633383,29.69583703,497652.8723,7667184.042,20,4.474918365,2.341282172,0.064362927,26187.0582
510859342,Industrial,Industrial,71.92700797,30.20254784,497649.2285,7667170.143,20,3.871665955,2.38148809,0.053827708,27550.57977
510859343,Industrial,Industrial,159.2396572,44.94086313,497665.1997,7667168.003,20,4.488435745,3.543315507,0.02818667,90766.21542
510859344,Industrial,Industrial,145.9975588,48.40971559,497600.7035,7667175.258,5,2.416046143,3.015873096,0.016548538,113448.1957
510859345,Industrial,Industrial,164.5066729,51.33323471,497597.7015,7667150.392,5,3.679445267,3.204681604,0.022366541,135268.2574
510859346,Industrial,Industrial,769.4048552,126.4731263,497539.5591,7667205.526,11,3.836942673,6.083544209,0.004986897,2022994.781
510859350,Industrial,Industrial,173.689103,55.03531211,497537.1903,7667174.107,5,3.421991348,3.155957445,0.019701819,166695.6631
510859351,Industrial,Industrial,80.54247192,36.83661418,497508.6715,7667241.72,5,1.640489578,2.18647869,0.020368006,49984.9332
510859352,Industrial,Industrial,71.93665813,36.02701899,497510.822,7667251.205,5,0.230737686,1.996741894,0.003207512,46761.12871
510859353,Commercial,Commercial,421.3870029,100.7570766,497497.9532,7667269.565,5,0.505256653,4.182207514,0.001199032,1022884.681
510859354,Industrial,Industrial,520.9437641,147.9075475,497510.8742,7667289.446,13,1.431955338,3.522090475,0.002748771,3235720.554
510859364,Multi-Unit Residential,Residential,712.7515107,137.1940426,497870.0994,7667280.382,5,6.045750618,5.195207441,0.00848227,2582294.436
510859368,Industrial,Industrial,165.4477046,56.6628449,497810.1125,7667281.251,5,0.981971741,2.919862299,0.005935239,181926.1491
510859371,Commercial,Commercial,220.7052168,59.4598934,497853.0272,7667248.598,5,2.654628754,3.711833375,0.012027938,210219.1999
510859374,Single-Unit Residential,Residential,90.60750312,38.51760325,497866.8177,7667236.177,5,2.73072052,2.352366074,0.030137907,57144.93803
510859375,Industrial,Industrial,514.3256384,142.4189952,497836.5226,7667226.006,9,6.360692024,3.611355617,0.012367052,2888708.721
510859378,Commercial,Commercial,204.0536262,59.90627472,497900.5661,7667292.347,5,1.756069183,3.406214577,0.00860592,214989.3474
510859379,Industrial,Industrial,267.356705,70.04747383,497779.8851,7667126.288,7,7.950508118,3.81679296,0.029737456,343698.3387
510859380,Garage,Industrial,190.1309128,58.04763575,497786.1308,7667140.601,5,4.193399429,3.275429057,0.022055327,195593.1349
510859381,Industrial,Industrial,135.229151,50.74878872,497801.6514,7667157.444,9,3.515039444,2.664677411,0.025993208,130700.4379
510859382,Single-Unit Residential,Residential,73.2318399,34.53662603,497819.1661,7667186.401,5,1.977489471,2.120410947,0.027003138,41194.54629
510859384,Single-Unit Residential,Residential,31.3712221,22.40769363,497830.8828,7667176.837,5,3.381263733,1.400020128,0.10778234,11251.00904
510859385,Commercial,Commercial,622.8777881,127.6506835,497954.84,7667500.976,13,4.881677628,4.87954918,0.007837296,2080029.21
510859386,Single-Unit Residential,Residential,231.1686531,65.84414307,497973.1005,7667429.933,7,2.739191055,3.510846103,0.011849319,285464.0676
510859387,Multi-Unit Residential,Residential,569.2779592,109.5887252,498011.9337,7667410.957,5,2.812603951,5.19467635,0.004940651,1316126.475
510859388,Commercial,Commercial,533.5133731,108.0217036,498055.7756,7667409.568,5,6.351726532,4.938946112,0.011905468,1260471.605
510859389,Multi-Unit Residential,Residential,633.018736,121.9200745,498059.2611,7667371.595,7,4.838740349,5.192079638,0.007643913,1812281.503
510859390,Multi-Unit Residential,Residential,309.4074419,72.47352988,497696.0869,7667669.828,5,9.531189919,4.269247577,0.030804656,380660.8767
510859391,Unknown,Residential,74.00695709,41.69961629,497713.3822,7667664.046,7,1.892033577,1.774763503,0.025565618,72509.71135
510859392,Single-Unit Residential,Residential,208.2808174,58.75502243,497735.7838,7667674.929,5,3.944818497,3.544902355,0.018939903,202831.3071
510859394,Unknown,Unknown,27.55953797,21.01087053,497790.3822,7667622.943,5,1.800017357,1.311679967,0.065313771,9275.389155
510859396,Single-Unit Residential,Residential,155.8830652,51.04355031,497921.2642,7667594.916,5,1.186821938,3.053922862,0.00761354,132991.1133
510859397,Single-Unit Residential,Residential,157.0588679,53.26885243,497913.4481,7667572.498,7,1.441862106,2.94841846,0.009180393,151154.1317
510859398,Single-Unit Residential,Residential,139.8116232,50.94228377,497904.3928,7667549.149,7,1.042881012,2.744510313,0.007459187,132201.1497
510859399,Multi-Unit Residential,Residential,412.5375325,87.79923513,497988.0804,7667462.563,13,4.596274376,4.698646086,0.01114147,676818.4634
510859400,Single-Unit Residential,Residential,84.34541915,37.13552781,497983.6846,7667508.827,5,2.751413345,2.271286396,0.03262078,51211.65404
510859401,Single-Unit Residential,Residential,28.15958154,22.27876479,497973.2665,7667530.029,5,0.009430885,1.263965117,0.000334909,11057.91698
510859402,Single-Unit Residential,Residential,85.83383832,37.89263903,498017.2611,7667477.274,5,1.404912949,2.26518502,0.016367822,54408.22506
510859403,Single-Unit Residential,Residential,63.88427857,33.01366408,498010.2835,7667499.294,5,2.46512413,1.935085982,0.038587336,35981.65902
510859405,Single-Unit Residential,Residential,68.81248301,33.37616957,498274.8699,7667513.333,5,1.250774384,2.061724994,0.018176562,37180.00808
510859406,Industrial,Industrial,127.337074,47.04648833,498308.4436,7667520.715,5,4.339584351,2.70662229,0.034079504,104131.383
510859407,Industrial,Industrial,196.267216,68.70485198,498317.9149,7667461.005,7,8.007247925,2.856671842,0.040797684,324311.4073
510859408,Industrial,Industrial,348.4801957,79.05681054,498333.6742,7667454.743,6,8.310680389,4.407971854,0.023848358,494103.4289
510859409,Commercial,Commercial,749.6264402,127.6298611,498356.0983,7667454.742,11,7.707937241,5.873440855,0.010282371,2079011.489
510859411,Multi-Unit Residential,Residential,174.2841643,54.05422338,498259.9583,7667450.198,5,1.232952118,3.22424694,0.007074378,157938.8226
510859412,Single-Unit Residential,Residential,96.35734636,39.27410589,498265.5736,7667408.697,5,5.711250305,2.453457416,0.059271561,60578.55645
510859413,Single-Unit Residential,Residential,169.0229359,53.13915112,498266.0113,7667384.516,5,8.563598633,3.180760934,0.050665305,150052.7079
510859414,Single-Unit Residential,Residential,228.9945235,60.53486898,498268.0215,7667364.18,5,9.136526108,3.782853212,0.039898448,221828.2332
510859415,Commercial,Commercial,192.3206945,59.61686486,498225.4386,7667365.808,7,2.584283829,3.225944454,0.013437367,211888.5069
510867731,Garage,Residential,1067.66285,181.0588396,497920.939,7667186.075,9,7.08082962,5.896772854,0.006632084,5935525.811
510867732,Multi-Unit Residential,Residential,503.3430407,113.344583,497888.1818,7667163.771,5,9.719898224,4.440821319,0.019310684,1456137.235
510867733,Industrial,Industrial,544.7927429,128.0565595,497948.085,7667251.527,9,5.296285629,4.254313445,0.009721652,2099933.241
510870448,Industrial,Industrial,1410.392198,159.3102503,495039.9681,7666306.07,5,11.67355454,8.853116452,0.008276814,4043255.255
510870449,Industrial,Industrial,778.9290107,111.7521518,495012.4282,7666286.06,5,10.74239159,6.970147764,0.013791233,1395621.6
510870450,Commercial,Commercial,827.4150773,129.735658,495227.065,7666301.996,7,4.430591583,6.377699781,0.005354739,2183625.092
510870451,Industrial,Industrial,368.5050389,77.18327362,495285.3459,7666250.705,5,5.581989288,4.774415772,0.015147661,459800.6532
510870452,Industrial,Industrial,548.1014566,94.77264158,495370.9745,7666417.623,5,7.761704445,5.783329952,0.014161072,851233.9912
510870453,Industrial,Industrial,512.9298124,94.81995727,495416.8146,7666467.475,5,1.306986809,5.409513221,0.002548081,852509.5756
510870454,Industrial,Industrial,240.8620225,65.825212,495444.6447,7666507.828,5,4.293651581,3.659115028,0.017826188,285217.9142
510870455,Industrial,Industrial,565.7844298,84.71197908,496257.2908,7665894.335,20,14.87974453,6.678918802,0.026299318,607903.2765
510870456,Industrial,Industrial,552.4315217,83.70305762,496273.62,7665861.571,20,13.60255337,6.599896556,0.024623058,586440.5176
510870457,Industrial,Industrial,196.5149648,49.92254351,496302.2526,7665875.756,20,10.23272324,3.936397286,0.052070962,124419.9758
510870458,Industrial,Industrial,211.9079649,51.84069335,496325.1882,7665886.248,20,11.31155777,4.087676132,0.053379578,139319.6595
510870459,Industrial,Industrial,189.4907681,49.02261755,496320.5475,7665925.65,20,11.52094173,3.865374342,0.060799488,117811.9895
510875757,Industrial,Industrial,76.36687384,37.19899236,498819.0913,7668025.534,5,3.040531158,2.052928561,0.039814791,51474.66487
510875759,Industrial,Industrial,22.97959394,19.35082405,498745.0212,7667887.961,5,3.075557709,1.187525341,0.133838645,7246.001048
510875760,Industrial,Industrial,31.01985468,22.84766528,498656.5527,7667714.01,5,4.581954956,1.357681597,0.147710394,11926.84247
510875761,Industrial,Industrial,38.66351359,25.57309857,499075.9626,7668003.522,5,2.119802475,1.511882242,0.054826949,16724.3812
510875762,Industrial,Industrial,61.54542845,33.3209536,499153.0948,7668053.015,5,2.10398674,1.847048833,0.034185914,36995.78659
510875765,Industrial,Industrial,24.41664033,20.25304081,499741.4904,7668385.122,5,2.700883865,1.205578982,0.110616523,8307.50695
510875766,Industrial,Industrial,33.60539261,23.36624232,499446.1365,7668032.067,5,2.630596161,1.438202692,0.078278989,12757.5309
510875767,Industrial,Industrial,22.58947218,19.23338902,499475.8975,7668005.83,5,4.103502274,1.174492553,0.181655518,7114.877838
510875769,Industrial,Industrial,61.72834877,31.99640216,498572.4969,7666129.125,5,2.730495453,1.929227807,0.04423406,32756.94867
510875770,Industrial,Industrial,15.58507144,16.00827018,498577.1009,7666044.547,5,2.264562607,0.973563743,0.145303319,4102.354778
510875771,Single-Unit Residential,Residential,11.60929129,13.78492501,498593.7889,7666041.454,5,1.329580307,0.842172974,0.114527259,2619.46876
510875772,Single-Unit Residential,Residential,22.48717973,19.57518329,499867.6639,7665381.712,5,2.290433884,1.1487596,0.101855098,7500.97144
510875774,Garage,Residential,19.84747239,18.04559962,495009.9005,7664988.809,5,3.087373734,1.099851089,0.155555008,5876.435205
510875775,Garage,Residential,15.34565158,15.84599205,493133.6542,7665942.125,5,1.881669998,0.968424794,0.122619101,3978.856724
510876996,Single-Unit Residential,Residential,55.12741133,31.04663245,496300.7674,7661551.669,5,1.607652664,1.775632556,0.029162492,29925.6437
510876997,Garage,Residential,50.38846622,29.2650158,496271.5381,7661509.317,5,4.105834961,1.721798702,0.081483626,25063.76379
511100265,Single-Unit Residential,Residential,131.7817329,46.96055479,497951.4587,7667568.386,5,3.345087051,2.806221806,0.025383541,103561.8159
511100266,Single-Unit Residential,Residential,130.7203697,46.46613328,497971.167,7667555.715,5,3.440340996,2.813239676,0.026318324,100325.1
511100267,Single-Unit Residential,Residential,138.0966594,47.92474477,497991.4863,7667542.86,5,3.287276268,2.881531453,0.023804169,110072.651
511100268,Single-Unit Residential,Residential,148.3370005,49.39085826,498012.2678,7667534.062,5,3.01031971,3.003329072,0.020293788,120486.869
511100269,Single-Unit Residential,Residential,131.7842357,46.50704426,498041.3047,7667531.429,5,2.663453102,2.833640317,0.020210711,100590.3263
511100270,Single-Unit Residential,Residential,98.28992409,39.82500335,497960.5513,7667610.42,5,1.406446457,2.468045595,0.014309162,63163.68559
511100271,Single-Unit Residential,Residential,92.80517537,38.94501907,497976.8374,7667598.729,5,1.679358482,2.382979328,0.018095526,59068.47555
511100272,Single-Unit Residential,Residential,99.06119247,40.22638726,497992.5039,7667586.449,5,2.197027206,2.462592324,0.022178485,65092.82058
511100273,Single-Unit Residential,Residential,101.2573747,40.82949527,498008.2137,7667574.765,5,1.658494949,2.480005546,0.016379004,68064.71554
511100274,Single-Unit Residential,Residential,121.0973328,44.14483905,498034.7154,7667563.844,5,0.863861084,2.743182112,0.00713361,86027.99736
511100275,Garage,Residential,62.13592805,31.62934174,497964.1267,7667645.418,5,0.876047134,1.964502725,0.014098882,31642.47611
511100276,Single-Unit Residential,Residential,94.45150296,39.4819361,497978.3973,7667642.736,5,0.519381523,2.392271309,0.005498923,61545.36105
511100277,Single-Unit Residential,Residential,96.46364733,39.45263445,497993.712,7667631.545,5,1.213169098,2.445049581,0.012576438,61408.43444
511100278,Single-Unit Residential,Residential,84.99772833,37.19364422,498010.7703,7667620.581,5,1.35016346,2.28527562,0.015884701,51452.46635
511100279,Single-Unit Residential,Residential,96.9552325,39.64689455,498027.7013,7667609.255,5,1.201292038,2.445468519,0.012390172,62320.01183
511100280,Single-Unit Residential,Residential,112.8575615,42.7774493,498060.2915,7667573.959,5,1.755617142,2.638248968,0.015556044,78278.88949
511100281,Single-Unit Residential,Residential,139.2218068,51.56355054,498044.2647,7667597.104,7,1.165416718,2.700004272,0.008370935,137097.155
511100282,Single-Unit Residential,Residential,127.1063982,46.29561654,498070.8536,7667539.615,5,2.311637878,2.745538513,0.018186637,99224.65935
511100283,Single-Unit Residential,Residential,138.4213699,47.59625894,498069.4981,7667519.465,5,1.208515167,2.908240542,0.008730698,107824.749
511100284,Single-Unit Residential,Residential,110.0158226,42.80266297,498064.6827,7667500.713,5,1.298723221,2.570303223,0.011804877,78417.38733
511100285,Single-Unit Residential,Residential,150.4524251,49.84660298,498055.3791,7667481.366,5,1.052351952,3.018308493,0.006994583,123853.0483
511100288,Multi-Unit Residential,Residential,312.0824272,102.9228515,498127.9431,7667191.228,13,11.07714844,3.032197637,0.035494304,1090273.434
511100289,Multi-Unit Residential,Residential,149.1667483,50.06848796,498161.0019,7667230.887,5,7.219806671,2.979254106,0.048400912,125514.3636
511100290,Commercial,Commercial,559.3991265,142.83826,498083.4913,7667242.088,11,9.566818237,3.916311544,0.017101954,2914295.953
511100291,Multi-Unit Residential,Residential,560.2030899,127.2937455,498092.5468,7667320.156,9,6.1109972,4.400868934,0.010908539,2062629.362
511100292,Commercial,Commercial,185.4721662,58.72626022,498044.8528,7667330.471,5,2.84894371,3.158249231,0.015360492,202533.5781
511100293,Multi-Unit Residential,Residential,328.5592609,82.00803495,498128.5424,7667306.639,5,6.097312927,4.006427676,0.018557727,551530.0969
511100294,Single-Unit Residential,Residential,147.1556637,54.7999695,498108.1611,7667398.759,7,3.910896301,2.685323825,0.026576594,164566.3172
511100295,Single-Unit Residential,Residential,179.358968,55.64256203,498130.7824,7667395.066,5,4.548157692,3.223413184,0.025357849,172274.6419
511100296,Single-Unit Residential,Residential,132.4903286,49.56182949,498099.4843,7667364.204,7,2.089524269,2.67323321,0.015771146,121742.4361
511100300,Single-Unit Residential,Residential,176.9505073,54.2998799,498152.906,7667396.53,5,4.042951584,3.258764248,0.022847923,160101.9447
511100301,Single-Unit Residential,Residential,153.2482145,51.10682753,498174.1926,7667396.343,5,2.883203506,2.99858594,0.018813945,133486.3225
511100302,Single-Unit Residential,Residential,128.5736034,45.43989216,498197.3581,7667398.313,5,3.062456131,2.829531438,0.0238187,93823.55321
511100303,Commercial,Commercial,132.9457105,60.29809021,498203.1467,7667372.591,7,2.627399445,2.204807981,0.01976295,219235.3952
511100304,Single-Unit Residential,Residential,126.9287875,48.41233219,498226.0488,7667403.16,7,2.012943268,2.621827574,0.01585884,113466.5928
511100306,Garage,Residential,21.1211869,18.38826629,498278.193,7667407.813,5,5.81757164,1.148623071,0.275437724,6217.593902
511100307,Single-Unit Residential,Residential,133.4863142,47.29101994,497853.7854,7667094.268,5,6.294584274,2.822656699,0.047155278,105763.5555
511100308,Single-Unit Residential,Residential,114.6995147,43.18203336,497876.1945,7667096.905,5,5.63684082,2.656186053,0.049144417,80521.01963
511100309,Single-Unit Residential,Residential,95.68945544,39.13653281,497900.0283,7667092.669,5,4.510736465,2.445016167,0.047139326,59944.18279
511100310,Single-Unit Residential,Residential,115.9106517,51.55710919,497934.9229,7667085.717,9,5.199285507,2.248199202,0.044855977,137045.7826
511100311,Single-Unit Residential,Residential,156.3183337,50.16566927,497932.5169,7667119.237,5,5.664815903,3.116042027,0.036238973,126246.641
511100312,Garage,Residential,44.02661237,26.83121872,497813.1093,7667106.723,5,4.746889114,1.640872628,0.107818632,19316.17799
511100313,Single-Unit Residential,Residential,117.7529068,44.2612344,497809.1249,7667093.686,5,5.889129639,2.660407203,0.050012605,86710.27533
511100316,Single-Unit Residential,Residential,117.005493,43.6108959,497961.9372,7667097.048,5,4.247936249,2.682941741,0.036305443,82944.00952
511100317,Single-Unit Residential,Residential,139.3066614,49.0828765,497982.4393,7667106.374,5,4.833250046,2.838192693,0.034695039,118246.9696
511100318,Garage,Residential,27.72754544,21.25932552,497943.4409,7667126.164,5,1.635190964,1.304253299,0.05897352,9608.341829
511100319,Single-Unit Residential,Residential,202.1287455,65.84900255,497970.1568,7667133.06,7,2.345666885,3.069579457,0.011604816,285527.2763
511100320,Single-Unit Residential,Residential,150.2712888,51.69400967,497998.7828,7667146.196,7,2.924184799,2.90693815,0.019459371,138140.384
511100321,Single-Unit Residential,Residential,103.4771491,40.81025737,498023.0437,7667152.884,5,5.660751343,2.535567178,0.054705328,67968.54934
511100322,Single-Unit Residential,Residential,210.1076253,61.5664483,498031.5884,7667133.442,8,6.191133499,3.412696868,0.029466486,233363.1621
511100324,Single-Unit Residential,Residential,170.6643039,62.33165377,498009.4728,7667120.412,11,5.895399094,2.738003785,0.034543832,242173.1267
511100325,Single-Unit Residential,Residential,125.2577586,45.13120341,497971.6172,7667173.445,5,1.508644104,2.775413663,0.012044317,91924.38691
511100327,Single-Unit Residential,Residential,152.0932922,49.65725285,498010.9041,7667196.138,5,4.889709473,3.062861586,0.032149409,122446.9774
511100328,Single-Unit Residential,Residential,122.7880478,49.01678477,497957.169,7667200.687,7,0.240335465,2.505020442,0.00195732,117769.9421
511100331,Single-Unit Residential,Residential,113.6902319,47.11869614,497953.07,7667284.815,9,2.544025421,2.412847578,0.022376816,104611.5875
511100332,Single-Unit Residential,Residential,110.7988095,42.3805673,497980.3141,7667278.131,5,0.738506317,2.614377687,0.006665291,76120.26603
511100333,Single-Unit Residential,Residential,96.4001019,39.29686614,497997.9666,7667265.286,5,0.751047134,2.453124418,0.007790937,60683.93753
511100335,Single-Unit Residential,Residential,141.6338912,47.66188103,498023.4515,7667262.062,5,0.468252182,2.971638722,0.003306074,108271.3457
511100336,Single-Unit Residential,Residential,121.7497843,44.39847821,498049.3597,7667211.355,5,4.427007675,2.742206247,0.036361524,87519.38434
511100337,Single-Unit Residential,Residential,77.93845047,35.42416983,498049.0759,7667190.17,5,4.959568024,2.200148962,0.063634419,44452.79204
511100338,Single-Unit Residential,Residential,166.9442514,53.0694144,498060.0234,7667169.413,5,4.775169373,3.145771502,0.028603377,149462.7216
511100339,Single-Unit Residential,Residential,157.6950804,50.86620504,498092.5359,7667163.57,5,8.382852554,3.100193543,0.053158618,131609.7344
511100340,Single-Unit Residential,Residential,155.3192175,53.4974268,498069.5036,7667149.757,7,5.94171524,2.903302584,0.038254862,153108.2806
511100741,Single-Unit Residential,Residential,27.81184177,21.15070761,498173.6034,7667248.048,5,5.331119537,1.314936705,0.191685239,9461.820493
511100742,Single-Unit Residential,Residential,142.0932131,48.07274558,497975.734,7667316.287,5,3.717079163,2.955795668,0.026159442,111095.5799
511100743,Commercial,Commercial,51.41665218,28.69233689,497992.2924,7667346.48,5,0.136118889,1.791999459,0.00264737,23620.97198
511100746,Commercial,Commercial,390.0932457,81.1172205,498007.4061,7667307.532,5,1.262225151,4.809006562,0.003235701,533751.5916
511100747,Single-Unit Residential,Residential,91.02391614,38.19438639,498038.7022,7667308.302,5,2.389182091,2.383175245,0.02624785,55718.39682
511100749,Single-Unit Residential,Residential,120.1112632,44.13505484,498053.2697,7667289.481,5,2.597986221,2.721448147,0.02162983,85970.80865
511100752,Single-Unit Residential,Residential,100.5169547,40.35320797,498113.9543,7667272.937,5,3.04224205,2.490928472,0.030265959,65710.41301
511100753,Commercial,Commercial,209.2182866,80.9215323,498174.4341,7667315.411,11,4.251464844,2.585446428,0.020320713,529898.0159
511100754,Single-Unit Residential,Residential,235.5083605,69.86985604,498210.1619,7667323.725,9,5.983411789,3.370671901,0.025406367,341090.4385
511100755,Multi-Unit Residential,Residential,64.04637352,32.22454346,498316.9841,7667405.995,5,3.544082642,1.987502898,0.055336195,33462.64913
511101569,Single-Unit Residential,Residential,563.7255405,103.8293185,497398.1415,7667648.244,7,9.830591202,5.429348363,0.017438612,1119334.811
511101570,Multi-Unit Residential,Residential,347.3321344,75.34679685,497433.9173,7667649.251,5,2.875024796,4.609779698,0.008277451,427754.2988
511101571,Single-Unit Residential,Residential,189.4120336,75.37384186,497441.2091,7667613.571,15,3.608171463,2.512967747,0.019049325,428215.0792
511101573,Single-Unit Residential,Residential,154.0523729,51.86362853,497442.5708,7667582.26,8,3.788444519,2.970335421,0.024591926,139504.6533
511101575,Multi-Unit Residential,Residential,607.4434762,106.7986321,497322.5232,7667703.891,5,12.57621574,5.687745849,0.020703516,1218139.624
511101576,Multi-Unit Residential,Residential,293.9423505,73.54591372,497354.5476,7667880.741,5,4.356722832,3.996718997,0.014821691,397809.9521
511101577,Single-Unit Residential,Residential,260.0946608,66.43677579,497351.978,7667928.84,5,8.109865189,3.914919978,0.031180437,293241.6424
511101578,Single-Unit Residential,Residential,141.6771419,48.04400203,497340.1002,7668064.049,5,1.356901169,2.948903836,0.009577418,110896.421
511101580,Single-Unit Residential,Residential,168.9419368,52.04076176,497269.9228,7667922.338,5,2.523550034,3.24633866,0.014937381,140938.9187
511101582,Single-Unit Residential,Residential,176.3005763,58.15700742,497316.5846,7667881.711,9,2.255815506,3.031458875,0.012795282,196700.8121
511101583,Garage,Residential,53.59911321,29.43651795,497301.387,7667885.353,5,2.45051384,1.820837414,0.045719298,25506.99562
511101584,Single-Unit Residential,Residential,155.4790915,50.00824631,497314.5413,7667849.539,5,2.252166748,3.109069064,0.014485335,125061.8575
511101585,Single-Unit Residential,Residential,165.7123194,51.57926204,497319.5026,7667801.211,5,3.728897095,3.212770266,0.022502232,137222.5144
511101586,Single-Unit Residential,Residential,152.7810006,49.46777341,497321.8159,7667769.038,5,3.718988419,3.088495603,0.024341956,121050.6396
511160499,Single-Unit Residential,Residential,144.7742833,50.79515184,497240.1957,7667921.545,7,2.638948441,2.850159475,0.018228019,131058.9815
511160500,Single-Unit Residential,Residential,174.4767305,52.91870403,497304.509,7667922.975,5,0.233192444,3.297071114,0.001336525,148192.9692
511160501,Single-Unit Residential,Residential,215.5161339,73.25119771,497393.2223,7667936.611,9,5.382801056,2.942151673,0.024976325,393046.7326
511160502,Single-Unit Residential,Residential,245.0398085,62.67485031,497447.9203,7667934.59,5,2.7458992,3.909699143,0.011205931,246195.3897
511160503,Single-Unit Residential,Residential,263.2123833,76.84693509,497476.3359,7667942.163,9,8.333496094,3.425151348,0.03166073,453815.8429
511160504,Multi-Unit Residential,Residential,436.201996,93.60322725,497515.5618,7667941.152,5,5.849663734,4.660117058,0.013410447,820110.6803
511160505,Multi-Unit Residential,Residential,464.6236859,106.5008053,497440.9711,7667870.177,5,7.295027733,4.362630727,0.015700938,1207977.028
511160507,Single-Unit Residential,Residential,163.1996476,51.35239625,497474.5847,7667851.593,5,1.616480827,3.178033733,0.009904928,135419.7918
511160509,Multi-Unit Residential,Residential,631.1887205,111.0814924,497567.4133,7667948.119,5,8.356616974,5.682213182,0.01323949,1370645.416
511160510,Multi-Unit Residential,Residential,574.6210865,104.1661802,497620.5822,7667952.85,5,5.123839378,5.516388195,0.008916901,1130264.834
511160511,Single-Unit Residential,Residential,220.2216944,65.31888626,497673.2341,7667956.26,7,1.173070908,3.371485752,0.005326773,278686.745
511160512,Single-Unit Residential,Residential,208.2862836,64.18499532,497674.5086,7667914.242,9,2.271139145,3.245093071,0.01090393,264423.7997
511160513,Multi-Unit Residential,Residential,191.0634107,60.66419184,497701.0544,7667915.886,9,2.25592041,3.14952536,0.011807182,223252.9721
511160514,Multi-Unit Residential,Residential,298.1472718,76.75741758,497623.2292,7667904.891,5,5.330952644,3.884279608,0.017880266,452231.7656
511160515,Multi-Unit Residential,Residential,341.2359572,80.32879502,497548.6586,7667898.413,5,1.931166649,4.247990488,0.005659329,518338.8454
511160516,Single-Unit Residential,Residential,187.3194963,58.63972856,497509.5949,7667892.644,5,2.322904587,3.194412745,0.012400763,201639.6124
511160517,Garage,Residential,29.17941863,22.9874835,497514.975,7667878.475,5,1.575100899,1.269361156,0.053979859,12147.14712
511160518,Single-Unit Residential,Residential,181.5764385,55.60324547,497518.2417,7667858.688,5,2.383543015,3.265572664,0.01312694,171909.7165
511160519,Multi-Unit Residential,Residential,466.7276585,104.372666,497555.5968,7667863.291,5,3.609873772,4.471742231,0.007734433,1136999.65
511160520,Single-Unit Residential,Residential,135.2671796,46.52364818,497621.7584,7667861.256,5,2.021819115,2.907492961,0.014946856,100698.1029
511160521,Single-Unit Residential,Residential,145.3512235,48.94707452,497646.3696,7667865.326,5,2.74123764,2.969558956,0.018859405,117268.1894
511160522,Single-Unit Residential,Residential,136.5226736,47.74226571,497668.5689,7667865.985,5,4.24725914,2.859576761,0.031110284,108820.0889
511160523,Single-Unit Residential,Residential,217.584449,63.76267768,497710.6939,7667871.651,7,1.806595802,3.412410786,0.008302964,259238.5838
511160524,Single-Unit Residential,Residential,94.99119491,39.4445974,497505.9885,7667642.841,5,2.068116188,2.408218138,0.021771662,61370.91282
511160525,Multi-Unit Residential,Residential,305.7694112,85.14579537,497478.0813,7667647.761,13,5.85418129,3.591127547,0.019145739,617290.5381
511160526,Single-Unit Residential,Residential,99.03605786,39.89149065,497506.9798,7667663.078,5,4.424826622,2.482636177,0.044678945,63480.56676
511160527,Multi-Unit Residential,Residential,351.6931289,75.53632568,497483.392,7667606.011,5,4.483589172,4.655947,0.012748583,430990.3703
511160528,Multi-Unit Residential,Residential,274.8092544,68.50219012,497509.6787,7667616.383,5,3.253977776,4.011685668,0.01184086,321449.9558
511160529,Single-Unit Residential,Residential,80.72281762,36.0829792,497479.9403,7667579.075,5,1.829309464,2.237143923,0.022661616,46979.36733
511160530,Multi-Unit Residential,Residential,258.7087641,66.67660907,497511.3768,7667583.238,5,1.889422417,3.880052806,0.00730328,296428.8814
511161085,Multi-Unit Residential,Residential,225.7844441,66.23445468,497469.4395,7667728.981,9,2.442827225,3.408866959,0.010819289,290570.7505
511161378,Single-Unit Residential,Residential,111.6650972,42.32305505,497498.0728,7667735.866,5,7.481847763,2.638398789,0.067002563,75810.79095
511161380,Multi-Unit Residential,Residential,214.1199387,61.42275576,497500.0051,7667703.282,5,0.903045654,3.486003453,0.004217476,231733.0043
511161382,Multi-Unit Residential,Residential,193.6947088,62.22926069,497468.6305,7667776.497,9,1.456655502,3.112598586,0.007520368,240981.6225
511161384,Multi-Unit Residential,Residential,255.751858,73.43178105,497441.6522,7667805.206,13,0.420501709,3.482849719,0.001644179,395960.7935
511161386,Single-Unit Residential,Residential,151.6596527,49.33798695,497482.403,7667810.844,5,0.984191895,3.073892188,0.006489477,120100.3512
511445664,Single-Unit Residential,Residential,138.1108974,51.76590181,498085.0393,7667470.498,9,2.973432541,2.667989788,0.021529312,138717.5318
511445665,Multi-Unit Residential,Residential,125.2961341,45.44338594,498102.8881,7667501.854,5,2.77971077,2.757191866,0.022185128,93845.19656
511445666,Garage,Residential,69.60680432,33.43124385,498106.6858,7667516.088,5,2.802116394,2.082088379,0.040256357,37364.36502
511445667,Multi-Unit Residential,Residential,401.7887385,105.3517773,498140.3025,7667502.303,5,2.153804779,3.813782252,0.00536054,1169299.058
511445668,Single-Unit Residential,Residential,156.663874,57.16593863,498075.6205,7667451.361,9,1.200080872,2.740510832,0.007660227,186815.117
511445669,Multi-Unit Residential,Residential,223.7520282,59.9009438,498112.8536,7667442.09,5,1.047592163,3.735367324,0.004681934,214931.9582
511445670,Multi-Unit Residential,Residential,225.8505838,60.14013913,498138.9069,7667461.066,5,2.102899551,3.755405077,0.009311021,217517.0404
511445672,Single-Unit Residential,Residential,91.48934256,38.73760247,498111.7601,7667542.965,5,1.844602585,2.361770908,0.020161939,58129.71772
511445673,Single-Unit Residential,Residential,90.14008223,38.02922771,498110.286,7667567.974,5,1.190364838,2.370284322,0.013205722,54998.71187
511445674,Multi-Unit Residential,Residential,231.3656224,60.90797466,498148.8837,7667548.774,5,3.20724678,3.798609685,0.013862244,225955.2701
511445675,Single-Unit Residential,Residential,144.624846,50.18281175,498164.9164,7667569.608,5,3.542097092,2.881959797,0.024491622,126376.1073
511445676,Single-Unit Residential,Residential,110.7455059,42.39254142,498126.1881,7667586.631,5,2.013408661,2.612381853,0.0181805,76184.80486
511445677,Single-Unit Residential,Residential,93.7647212,38.77322773,498151.2504,7667590.806,5,1.958047867,2.41828516,0.020882565,58290.24325
511445678,Single-Unit Residential,Residential,119.2202921,43.85434074,498196.1409,7667587.191,5,3.409414291,2.71855169,0.028597601,84340.8085
511445679,Multi-Unit Residential,Residential,426.8455902,88.55201148,498191.2608,7667618.599,9,3.039804459,4.820281133,0.007121555,694376.9442
511445680,Single-Unit Residential,Residential,179.5620558,62.45059946,498175.4752,7667439.857,9,1.504076004,2.875265527,0.008376358,243562.1698
511445681,Single-Unit Residential,Residential,73.02476188,34.59467068,498197.7553,7667439.411,5,0.526920319,2.110867381,0.007215639,41402.59878
511445683,Single-Unit Residential,Residential,139.4952158,49.06575208,498183.3271,7667469.378,5,2.658521652,2.843026141,0.019058156,118123.2481
511445684,Single-Unit Residential,Residential,142.4498635,50.16979435,498216.9911,7667466.579,5,3.260402679,2.839355141,0.022888072,126277.787
511445686,Single-Unit Residential,Residential,147.9106382,48.96852501,498183.2383,7667491.757,5,1.302921295,3.020524678,0.008808841,117422.4313
511445687,Single-Unit Residential,Residential,157.7099409,54.1623825,498186.2139,7667513.231,5,3.763380051,2.911798441,0.023862669,158888.798
511445688,Single-Unit Residential,Residential,105.7427679,41.67463057,498219.3844,7667514.709,5,3.712709427,2.537341458,0.035110765,72379.44958
511445690,Multi-Unit Residential,Residential,160.1882562,52.08617146,498246.102,7667539.408,5,2.220939636,3.075446932,0.01386456,141308.1819
511445691,Multi-Unit Residential,Residential,175.5684213,54.08821541,498270.6876,7667551.522,5,2.712665558,3.245964393,0.01545076,158236.9698
511445692,Multi-Unit Residential,Residential,210.5622743,69.61688178,498291.5968,7667564.444,9,4.662845612,3.024586407,0.022144734,337398.9296
511445695,Garage,Commercial,31.24509759,23.28390037,498427.87,7667531.312,5,2.836832047,1.34191854,0.090792869,12623.13412
511445697,Multi-Unit Residential,Residential,317.2739344,87.273837,498368.0736,7667538.789,9,7.419120789,3.635384272,0.023383959,664740.6089
511445698,Single-Unit Residential,Residential,127.7102852,45.8533843,498327.8919,7667558.762,5,4.578550339,2.785187771,0.03585107,96408.24686
511445699,Garage,Residential,76.52162727,35.05559946,498326.847,7667571.936,5,7.500402451,2.182864605,0.098016766,43079.65277
511445700,Single-Unit Residential,Residential,207.9398436,58.69121703,498358.1188,7667570.1,5,5.84267807,3.542946527,0.028097925,202171.2264
511445702,Single-Unit Residential,Residential,185.7841724,54.82692799,498328.8998,7667608.544,5,8.130279541,3.388557033,0.04376196,164809.3087
511445703,Single-Unit Residential,Residential,121.7955784,44.44166721,498289.1347,7667603.183,5,1.83199501,2.740571767,0.015041556,87775.03856
511445704,Single-Unit Residential,Residential,97.38852934,39.48281251,498358.2468,7667611.142,5,2.669250488,2.466605674,0.027408264,61549.45964
511445705,Garage,Residential,53.51169083,29.66156873,498373.4544,7667613.711,5,3.620960236,1.804074872,0.067666713,26096.50503
511445706,Single-Unit Residential,Residential,124.0798177,47.09297752,498232.1021,7667581.543,5,1.382307053,2.634783872,0.011140467,104440.3818
511445708,Single-Unit Residential,Residential,102.7947478,41.6125485,498236.4153,7667610.364,5,1.050670624,2.47028244,0.010221054,72056.46343
511445709,Single-Unit Residential,Residential,113.1656697,42.93590512,498260.4374,7667602.99,5,2.087749481,2.635688462,0.018448612,79151.99537
511445710,Single-Unit Residential,Residential,127.3905721,45.45195809,498247.0019,7667638.389,5,3.379419327,2.802752124,0.026528018,93898.31362
511445711,Single-Unit Residential,Residential,123.4015354,45.32998761,498269.3316,7667634.208,5,5.072050095,2.722293606,0.041102002,93144.41107
511445712,Single-Unit Residential,Residential,93.77595943,42.15011402,498221.4482,7667644.654,9,3.817085266,2.224809152,0.040704305,74885.24607
511445713,Single-Unit Residential,Residential,102.7321237,40.86264919,498200.774,7667653.447,5,2.83370018,2.514083783,0.027583389,68230.65771
511445715,Single-Unit Residential,Residential,87.99365576,38.09532248,498180.7428,7667658.16,5,2.852695465,2.309828347,0.032419331,55285.97368
511445716,Single-Unit Residential,Residential,88.52962971,37.78512908,498091.8249,7667602.084,5,1.929141998,2.342975448,0.021790919,53946.43256
511445717,Single-Unit Residential,Residential,92.81457285,38.6201746,498053.9672,7667636.319,5,2.750732422,2.403266526,0.029636859,57602.68119
511445719,Single-Unit Residential,Residential,84.62515422,36.98816333,498073.4932,7667620.512,5,1.849662781,2.287898252,0.021857127,50604.40234
511445720,Garage,Residential,266.4219536,95.5128126,497645.9105,7667584.579,11,3.263422012,2.789384443,0.012249073,871334.4843
511445722,Single-Unit Residential,Residential,138.5035197,48.5006986,497654.3979,7667606.04,5,1.629861832,2.855701541,0.011767656,114089.055
511445723,Single-Unit Residential,Residential,160.5817267,52.54444942,497626.6977,7667605.567,5,3.451587677,3.056112082,0.021494274,145070.9774
511445724,Single-Unit Residential,Residential,97.10101786,39.47415564,497621.7417,7667627.075,5,1.236730576,2.459863075,0.012736536,61508.98314
511445725,Single-Unit Residential,Residential,149.3377012,52.03039945,497622.9238,7667646.539,7,1.550919533,2.870200936,0.010385318,140854.7445
511445727,Single-Unit Residential,Residential,114.1664257,45.37017766,497619.1823,7667669.301,7,4.296695709,2.516331908,0.03763537,93392.37925
511445728,Single-Unit Residential,Residential,120.2947025,44.17009672,497648.651,7667659.976,5,0.72894764,2.723442135,0.006059682,86175.7458
511445729,Single-Unit Residential,Residential,130.753539,46.676805,497556.4606,7667584.343,5,1.038819313,2.801252979,0.007944866,101695.8811
511445731,Single-Unit Residential,Residential,119.2124047,47.41358193,497553.3918,7667602.287,9,0.928167343,2.514309188,0.007785829,106587.9962
511445733,Multi-Unit Residential,Residential,275.1799979,68.24004799,497554.8812,7667635.184,5,1.295572281,4.032529372,0.00470809,317773.7147
511445735,Multi-Unit Residential,Residential,152.0270248,53.65949647,497548.9981,7667667.111,9,4.112194061,2.833180234,0.027049099,154504.0184
511445736,Multi-Unit Residential,Residential,121.8231613,44.57007079,497578.441,7667668.476,5,2.489093781,2.733295216,0.020432024,88538.05388
511445737,Garage,Residential,20.87456175,18.37905017,497574.741,7667676.647,5,1.895260811,1.135780226,0.090792843,6208.249892
511445738,Multi-Unit Residential,Residential,151.1757062,50.41195012,497528.4958,7667739.297,5,3.490715981,2.998806947,0.023090456,128115.1513
511445739,Multi-Unit Residential,Residential,273.1308625,74.48321711,497555.2356,7667705.749,9,0.082653046,3.667012155,0.000302613,413214.2403
511445740,Multi-Unit Residential,Residential,149.2106448,52.23486442,497568.6761,7667741.229,7,2.303588867,2.856533591,0.015438502,142521.8383
511445741,Multi-Unit Residential,Residential,187.1224915,67.32930639,497603.3294,7667744.239,11,3.407966614,2.779213118,0.018212491,305219.6019
511445742,Multi-Unit Residential,Residential,163.3741046,55.25374705,497595.2473,7667708.609,9,1.04891777,2.956796838,0.006420343,168688.3948
511445743,Single-Unit Residential,Residential,140.0215499,47.41154867,497622.0523,7667708.979,5,0.915978432,2.953321582,0.006541696,106574.2843
511445744,Multi-Unit Residential,Residential,448.4904354,108.1927758,497646.2304,7667725.128,5,4.419261932,4.145290034,0.009853637,1266469.659
511445745,Multi-Unit Residential,Residential,569.8105569,126.6991624,497549.2341,7667813.671,17,4.885260582,4.497350623,0.008573482,2033860.825
511445747,Garage,Residential,64.00125485,32.04149723,497517.0545,7667776.127,5,0.407535553,1.997448945,0.006367618,32895.64488
511445749,Multi-Unit Residential,Residential,291.2903038,75.07842583,497573.8338,7667783.9,9,0.07821846,3.879813682,0.000268524,423199.8202
511445750,Multi-Unit Residential,Residential,143.8015018,51.86248662,497608.477,7667783.76,5,2.054199219,2.772745989,0.014284964,139495.4388
511445751,Single-Unit Residential,Residential,430.4478958,83.13321629,497653.6554,7667788.098,5,1.718992233,5.177808762,0.003993497,574544.6024
511445752,Single-Unit Residential,Residential,142.4425426,48.38329411,497587.7532,7667823.011,5,1.60656929,2.944043915,0.011278718,113262.5409
511445756,Single-Unit Residential,Residential,213.8749057,62.35765467,497691.9548,7667821.389,9,5.045770645,3.42980997,0.023592158,242476.312
511445757,Single-Unit Residential,Residential,126.2367305,45.41708244,497715.527,7667829.88,5,4.697728157,2.779498896,0.037213639,93682.33266
511445758,Garage,Residential,96.84404514,39.58738487,497701.3639,7667965.097,5,4.276575089,2.44633601,0.044159402,62039.80726
511445759,Single-Unit Residential,Residential,151.3764971,50.59017251,497681.9238,7667788.803,5,2.556451797,2.992211523,0.016888036,129478.7449
511445760,Single-Unit Residential,Residential,146.4780368,49.48242623,497702.0388,7667790.018,5,2.93055439,2.960203207,0.020006784,121158.2405
511445761,Single-Unit Residential,Residential,116.0309399,43.31338229,497727.8959,7667791.326,5,3.499764442,2.678870451,0.030162338,81258.03124
511445762,Single-Unit Residential,Residential,106.1497554,41.37900276,497747.9421,7667792.933,5,4.139752388,2.565304824,0.03899917,70850.03347
511445763,Single-Unit Residential,Residential,141.8180265,48.59468336,497691.1399,7667753.738,5,3.918287277,2.918385648,0.027628979,114753.5871
511445764,Single-Unit Residential,Residential,143.2014887,48.87264741,497721.0792,7667755.83,5,4.061262131,2.930094772,0.028360474,116734.0614
511445765,Single-Unit Residential,Residential,134.9133095,47.43099758,497749.6717,7667758.381,5,4.434445381,2.844412228,0.03286885,106705.493
511450293,Industrial,Industrial,2597.379323,242.0490639,498317.9506,7667818.489,14,3.012742996,10.73079681,0.001159916,14181109.89
511450294,Industrial,Industrial,1351.391185,169.4584051,498333.8714,7667874.945,7,9.046766281,7.97476634,0.00669441,4866193.161
511450296,Industrial,Industrial,388.335792,87.68164913,498182.77,7667883.194,9,8.768732071,4.428928925,0.022580283,674102.796
511450297,Industrial,Industrial,388.9132168,89.71884387,498241.3494,7667836.97,9,9.9516325,4.334799693,0.025588311,722189.2269
511450298,Single-Unit Residential,Residential,116.986773,43.77304826,497742.1787,7667712.183,5,1.316455841,2.672575423,0.011253032,83872.65156
511450299,Multi-Unit Residential,Residential,161.1894753,50.88253878,497687.4353,7667711.28,5,1.573784828,3.167874071,0.009763571,131736.5594
511450301,Single-Unit Residential,Residential,117.2459289,43.89416564,497766.4385,7667714.677,5,1.637348175,2.671105083,0.013965075,84570.79136
511450303,Single-Unit Residential,Residential,143.3424944,47.9970001,498192.603,7667535.21,5,2.339523315,2.986488616,0.016321213,110571.266
511450305,Single-Unit Residential,Residential,205.6186172,64.98917728,498002.3004,7667668.429,11,4.01794529,3.163890139,0.019540766,274487.8449
511450306,Single-Unit Residential,Residential,97.74626252,39.76268322,498035.1484,7667649.553,5,2.339006424,2.458241109,0.023929369,62867.62441
511459416,Single-Unit Residential,Residential,106.760898,42.30101457,497889.4198,7668047.149,5,1.543794632,2.523837762,0.0144603,75692.41322
511459417,Single-Unit Residential,Commercial,98.78240491,43.64201532,497786.3598,7668101.638,5,1.149951935,2.263470286,0.011641263,83121.69529
511459418,Unknown,Unknown,168.8655579,64.28057261,497709.8937,7668191.785,5,2.750449181,2.627007679,0.016287804,265606.8128
511459419,Unknown,Unknown,84.90708772,32.81507685,497709.0665,7668214.415,20,2.331167221,2.58744138,0.027455508,35336.23522
511459420,Unknown,Unknown,175.2770386,55.20908959,497760.152,7668221.473,5,2.426105499,3.17478589,0.013841548,168279.7108
511459421,Unknown,Unknown,48.86954569,28.09865346,497762.429,7668160.469,5,1.043697357,1.739213082,0.021356805,22184.85143
511459422,Unknown,Unknown,49.09252287,28.2357948,497781.4682,7668168.416,5,1.767023087,1.738662688,0.035993732,22511.2728
511459432,Single-Unit Residential,Residential,61.50740057,32.04690855,499922.6227,7668703.186,5,6.935964584,1.919292791,0.112766342,32912.31442
511459452,Single-Unit Residential,Residential,31.46870537,22.51708801,499987.3493,7668380.466,5,4.504899979,1.397547736,0.143154919,11416.59714
511499561,Single-Unit Residential,Residential,88.97450653,37.96571746,498064.8889,7667719.854,5,4.602056503,2.343548667,0.051723316,54723.62196
511499562,Single-Unit Residential,Residential,104.9242568,41.17100195,498082.1888,7667706.991,5,6.037542343,2.548498988,0.057541912,69786.96456
511499563,Single-Unit Residential,Residential,142.2812532,48.80353983,498099.9379,7667695.018,5,6.512516022,2.915387976,0.04577213,116239.5635
511499564,Single-Unit Residential,Residential,90.04030291,38.22977414,498117.4374,7667683.632,5,3.83231926,2.355240253,0.042562265,55873.41246
511499565,Single-Unit Residential,Residential,90.4273963,38.30639335,498134.985,7667670.045,5,2.416957855,2.360634567,0.026728159,56210.02672
511499566,Single-Unit Residential,Residential,113.1834146,44.69233003,498146.4025,7667652.36,7,1.650873184,2.532501986,0.014585822,89268.65502
511499567,Single-Unit Residential,Residential,93.66763924,38.82089805,498123.7539,7667622.566,5,0.00069809,2.412814848,7.45E-06,58505.50513
511499568,Single-Unit Residential,Residential,88.36247283,37.74175275,498114.2274,7667642.836,5,0.098642349,2.341239248,0.001116338,53760.85853
511499569,Single-Unit Residential,Residential,103.7281963,40.77153207,498099.8659,7667656.562,5,0.156587601,2.544132905,0.001509595,67775.2446
511499570,Single-Unit Residential,Residential,97.04575695,39.43484905,498083.9716,7667667.578,5,0.300014496,2.460913616,0.003091475,61325.4224
511499572,Single-Unit Residential,Residential,122.9300726,44.40635571,498049.827,7667692.655,5,0.308513641,2.768299056,0.002509668,87565.97755
511499573,Single-Unit Residential,Residential,104.546046,41.03781539,498031.9047,7667704.06,5,0.190935135,2.547553884,0.001826326,69111.87897
511499574,Single-Unit Residential,Residential,114.312027,43.00075439,498007.3561,7667712.094,5,0.069677353,2.658372595,0.000609537,79511.18469
511499575,Single-Unit Residential,Residential,103.4104144,40.86948776,498047.4886,7667731.466,5,4.360378265,2.530259617,0.042165756,68264.91964
511499576,Single-Unit Residential,Residential,171.9629366,54.53411008,498028.8493,7667747.717,5,4.830265045,3.153309668,0.028088989,162182.7617
511499577,Single-Unit Residential,Residential,92.01138351,38.56971297,498005.0339,7667746.065,5,2.719083786,2.385586421,0.029551602,57377.18281
511499578,Single-Unit Residential,Residential,89.74955296,38.12721788,497983.7186,7667751.478,5,3.17947197,2.353949697,0.035426048,55424.95493
511499579,Multi-Unit Residential,Residential,157.4869944,59.9527372,497962.3599,7667763.882,7,5.847474098,2.626852447,0.037129886,215489.9637
511499580,Single-Unit Residential,Residential,92.38633314,38.69230365,497931.3544,7667765.571,5,4.744445801,2.387718601,0.051354412,57926.02963
511499581,Single-Unit Residential,Residential,123.400432,44.70363424,497923.0197,7667734.874,5,1.696845055,2.760411634,0.013750722,89336.40936
511499582,Single-Unit Residential,Residential,110.8829768,42.69237219,497943.4443,7667729.77,5,0.684399605,2.597254993,0.006172269,77812.76733
511499586,Single-Unit Residential,Residential,105.6446827,41.46744839,497973.8999,7667681.979,5,0.019589424,2.547653324,0.000185427,71305.32083
511499589,Single-Unit Residential,Residential,127.7228965,45.50855944,497916.0037,7667705.414,5,0.992274284,2.806568656,0.007768962,94249.54552
511499590,Single-Unit Residential,Residential,137.7928237,47.35405353,497881.47,7667707.319,5,1.398597717,2.909842208,0.010150004,106187.032
511499591,Single-Unit Residential,Residential,151.0442877,49.36667094,497858.9321,7667711.484,5,1.475053787,3.059640944,0.009765704,120309.9439
511499592,Single-Unit Residential,Residential,108.3792514,41.96280376,497834.3707,7667716.453,5,1.508113861,2.58274571,0.013915153,73891.33179
511499593,Single-Unit Residential,Residential,121.852433,44.589216,497808.7109,7667718.762,5,1.793857574,2.732778102,0.014721557,88652.19823
511499594,Multi-Unit Residential,Residential,523.0494179,117.0921611,497837.2324,7667828.281,17,4.793747902,4.466989189,0.009165,1605400.763
511499595,Single-Unit Residential,Residential,145.000196,58.34247415,497789.9119,7667839.966,11,0.938051224,2.485328196,0.00646931,198588.6975
511499596,Single-Unit Residential,Residential,124.6644544,45.77912213,497787.7604,7667799.695,5,2.360095978,2.723172672,0.018931587,95940.58914
511499597,Single-Unit Residential,Residential,115.2823302,43.08937261,497811.7669,7667795.913,5,1.358622551,2.675423736,0.011785176,80003.78096
511499599,Single-Unit Residential,Residential,134.2738744,47.34817754,497799.3375,7667761.578,5,0.957800865,2.835882634,0.007133189,106147.5078
511499600,Single-Unit Residential,Residential,137.3890283,47.7539219,497825.9372,7667755.806,5,2.274557114,2.877020836,0.016555595,108899.8131
511499601,Single-Unit Residential,Residential,109.6730053,42.05947197,497846.0243,7667751.579,5,2.497152328,2.607569713,0.02276907,74403.17154
511499602,Single-Unit Residential,Residential,111.8788798,42.6848389,497867.421,7667746.135,5,2.76438427,2.621044912,0.024708723,77771.58317
511499603,Multi-Unit Residential,Residential,198.8206503,61.33557611,497841.9297,7667791.96,9,0.748743057,3.241522505,0.003765922,230747.6818
511499604,Single-Unit Residential,Residential,147.9875128,49.25600573,497876.6758,7667780.798,5,0.998239517,3.00445622,0.006745431,119502.6603
511499605,Single-Unit Residential,Residential,124.4886586,44.69838945,497898.5524,7667774.751,5,3.071516037,2.785081524,0.024673059,89304.96929
511499606,Single-Unit Residential,Residential,515.98599,117.3684335,497888.9239,7667815.256,17,7.497714043,4.396292724,0.014530848,1616791.153
511499607,Single-Unit Residential,Residential,161.612604,53.6752472,497953.1748,7667807.752,5,2.935634613,3.010933575,0.018164639,154640.1135
511499608,Single-Unit Residential,Residential,161.8497401,54.19900318,497781.3485,7667884.435,7,4.320846558,2.986212487,0.026696654,159211.3033
511499609,Multi-Unit Residential,Residential,542.1362505,120.6118857,497792.0216,7667916.813,17,5.694322586,4.49488247,0.01050349,1754568.475
511499610,Single-Unit Residential,Residential,162.3487447,53.98522882,497835.405,7667915.132,7,6.0284729,3.007280848,0.037132858,157334.817
511499611,Single-Unit Residential,Residential,171.4414108,55.90856819,497862.9296,7667912.99,7,5.195011139,3.066460408,0.030301962,174757.2132
511499612,Single-Unit Residential,Residential,155.7541174,53.75377235,497893.3593,7667905.618,7,5.349504471,2.897547662,0.03434583,155319.8073
511499613,Multi-Unit Residential,Residential,528.3864783,108.0683632,497824.8846,7667882.698,5,5.253957748,4.889372454,0.009943399,1262105.681
511499614,Single-Unit Residential,Residential,164.5258772,54.94813811,497884.1586,7667864.915,7,5.475667953,2.99420295,0.0332815,165904.797
511499615,Single-Unit Residential,Residential,168.4879379,54.46333227,497915.4663,7667859.457,5,3.239500046,3.093603179,0.019226896,161552.1078
511499616,Single-Unit Residential,Residential,160.4378807,52.98430391,497924.892,7667897.08,5,4.200815201,3.028026582,0.026183437,148744.7682
511499617,Single-Unit Residential,Residential,163.0730383,56.56794478,497957.5131,7667846.002,9,5.752166748,2.882781741,0.035273561,181013.598
511499618,Multi-Unit Residential,Residential,389.9561125,90.00984118,497821.1638,7668001.226,7,2.908401489,4.332371964,0.007458279,729239.1669
511499619,Unknown,Residential,436.0242138,90.23865672,497897.2341,7667999.247,9,5.638897896,4.831900536,0.012932534,734814.7503
511499620,Commercial,Commercial,336.6536331,73.96353952,497929.4886,7667996.6,6,5.990812302,4.551616043,0.017795181,404625.3223
511499621,Unknown,Residential,200.9407006,64.15770347,497927.8983,7667942.169,9,3.924367905,3.13198088,0.01952998,264086.6392
511499623,Unknown,Unknown,162.6879649,57.13412977,497836.9223,7667963.792,9,1.964143753,2.847474278,0.012073073,186503.4417
511499624,Single-Unit Residential,Residential,150.8429784,53.32600417,497804.246,7667965.445,7,1.380291939,2.82869457,0.009150522,151641.1701
511499625,Single-Unit Residential,Residential,149.8543494,53.80421853,497773.8798,7667964.777,7,5.389341354,2.785178439,0.035963863,155757.5057
511511801,Unknown,Unknown,71.56879051,33.86521721,492766.9599,7663651.553,5,2.403144836,2.113342137,0.033578112,38838.4238
511511802,Unknown,Unknown,15.52123033,15.99589358,492789.3856,7663649.165,5,1.580030441,0.970325931,0.101798015,4092.847078
511513927,Unknown,Unknown,12.01076204,13.92747855,493345.9937,7663496.91,5,2.039773941,0.862378785,0.169828853,2701.577901
511513930,Unknown,Unknown,15.93912969,16.36596897,493611.8806,7663540.133,5,1.752088547,0.973919095,0.109923727,4383.541983
511513932,Unknown,Unknown,15.35807685,15.85410537,493629.4286,7663557.222,5,0.73922348,0.968712929,0.048132555,3984.971509
511513934,Unknown,Unknown,10.03385945,12.88305519,493621.5528,7663536.936,5,1.498477936,0.77884161,0.149342129,2138.240751
511513936,Unknown,Unknown,12.23956152,14.02500903,493673.8229,7663491.499,5,1.788045883,0.872695447,0.146087413,2758.731592
511513938,Unknown,Unknown,25.21603232,20.08720532,493804.5618,7663436.374,5,1.467226028,1.255328051,0.058186237,8105.103339
511513939,Unknown,Unknown,34.55731545,23.60215881,493815.1232,7663427.892,5,1.907110214,1.464159094,0.055186874,13147.86344
511513943,Unknown,Unknown,70.24583657,33.59612096,494293.7441,7663493.03,5,2.686143875,2.090891286,0.03823919,37919.91968
511513945,Unknown,Unknown,14.24129326,15.30673064,494306.0777,7663512.87,5,0.73166275,0.93039419,0.051376145,3586.305808
511513954,Unknown,Unknown,11.52177291,14.0119352,496127.6133,7661532.41,5,2.814060211,0.822282772,0.244238472,2751.02388
762047290,Unknown,Residential,513.1041525,104.1329313,497270.0906,7667842.274,5,1.957651138,4.927395648,0.003815309,1129182.87
762047291,Unknown,Residential,527.3903489,107.0947733,497256.0425,7667768.401,5,1.596227646,4.924519963,0.003026653,1228301.062
762047292,Multi-Unit Residential,Residential,504.3788624,102.042731,497140.7936,7667923.723,5,1.074846268,4.942820104,0.00213103,1062542.279
762047293,Multi-Unit Residential,Residential,524.81437,104.1914184,497142.5221,7667869.095,5,1.845010757,5.037021072,0.003515549,1131086.583
762047294,Unknown,Residential,1014.527513,164.253405,497158.8181,7668004.297,5,2.088617325,6.176599588,0.002058709,4431422.348
762047295,Unknown,Residential,518.895019,104.9518651,497254.0739,7668005.364,5,1.348089218,4.944123847,0.002598,1156033.668
762047296,Multi-Unit Residential,Residential,703.0168635,125.8903732,497249.4018,7667957.737,5,1.602525711,5.584357607,0.002279498,1995159.239
762047297,Multi-Unit Residential,Residential,297.0322799,70.36321201,497299.9978,7667960.228,5,0.920219421,4.221414449,0.003098045,348366.9683
762047298,Single-Unit Residential,Residential,273.7143217,68.69759728,497184.2996,7667956.915,5,0.69502449,3.984336172,0.002539233,324208.6839
762047299,Single-Unit Residential,Residential,261.9698492,65.31570844,497188.2061,7667923.482,5,1.516828537,4.010824585,0.005790088,278646.0719
762047300,Multi-Unit Residential,Residential,579.9876905,108.3535966,497258.4327,7667719.683,5,3.248378754,5.352731322,0.005600772,1272125.607
762047301,Unknown,Residential,590.2094317,109.4221889,497260.1546,7667689.656,5,2.569852829,5.393873378,0.004354137,1310135.44
762047303,Single-Unit Residential,Residential,384.72646,93.47627595,497397.1201,7667583.95,5,3.527450562,4.115765804,0.009168724,816778.3283
762047304,Single-Unit Residential,Residential,238.3117213,64.0811201,497220.6933,7668074.347,5,1.080659866,3.718906925,0.004534648,263142.0678
762047305,Single-Unit Residential,Residential,142.7308445,48.5478464,497252.8592,7668073.359,5,1.07815361,2.940003626,0.007553753,114422.0983
762047306,Single-Unit Residential,Residential,166.3192088,52.09067693,497283.731,7668072.677,5,0.950647354,3.192878624,0.0057158,141344.8547
762047307,Single-Unit Residential,Residential,138.1886763,47.80354385,497313.8745,7668073.735,5,0.706724167,2.890762173,0.005114197,109239.6452
762047308,Single-Unit Residential,Residential,210.4443664,60.19261769,497210.5784,7668031.92,5,1.276729584,3.49618233,0.006066827,218086.9565
762047309,Single-Unit Residential,Residential,233.8335118,63.99504618,497349.1494,7668024.838,5,2.253433228,3.653931449,0.009636913,262083.1321
762047310,Single-Unit Residential,Residential,155.4152684,50.34936237,497383.9176,7668011.356,5,3.028457642,3.086737569,0.01948623,127638.5685
762047311,Single-Unit Residential,Residential,180.8792635,55.01572795,497412.6913,7668010.266,5,2.725597382,3.287773701,0.015068601,166517.7719
762047315,Industrial,Industrial,1752.525411,182.2805406,498240.6542,7667949.506,5,4.660667419,9.614440495,0.002659401,6056488.876
823660372,Unknown,Residential,546.689822,94.68678265,497407.6339,7667398.9,5,1.080993652,5.773665624,0.001977344,848922.5694
